sports_A,sports_B,sports_C,sports_D,age,sex,mbti,disability,sports
,,,,23,여,ESFP,유,배드민턴
종합체육시설,탁구,스쿼시,검도,27,여,ESTJ,무,
볼링,골프,롤러인라인,무용(발레 등),56,여,INTJ,무,
빙상(스케이트),무용(발레 등),요가,당구,8,여,ENTP,무,
태권도,요가,펜싱,크로스핏,34,여,ISFP,무,
크로스핏,에어로빅,합기도,배드민턴,69,여,ESFJ,무,
,,,,59,여,ENTP,유,배드민턴
,,,,63,남,INFP,유,필라테스
테니스,크로스핏,필라테스,펜싱,64,남,ISTP,무,
탁구,롤러인라인,당구,종합체육시설,75,남,ESFJ,무,
볼링,당구,야구,클라이밍(암벽등반),8,남,INFP,무,
롤러인라인,헬스,크로스핏,배드민턴,45,남,INTP,무,
복싱,당구,요가,크로스핏,18,남,ENTP,무,
,,,,43,남,INFJ,유,농구
당구,클라이밍(암벽등반),필라테스,복싱,41,남,ENFP,무,
볼링,무용(발레 등),필라테스,야구,21,여,INTJ,무,
수영,축구(풋살),배구,크로스핏,37,남,ESFJ,무,
크로스핏,빙상(스케이트),배드민턴,수영,57,여,ESTP,무,
요가,배구,당구,태권도,59,여,INFP,무,
,,,,33,여,INTP,유,필라테스
빙상(스케이트),야구,펜싱,합기도,53,남,ISFJ,무,
필라테스,당구,클라이밍(암벽등반),수영,69,여,ESFJ,무,
당구,크로스핏,줄넘기,복싱,80,남,ISTJ,무,
농구,테니스,종합체육시설,골프,54,남,INFP,무,
승마,골프,스쿼시,검도,54,남,ISTP,무,
종합체육시설,스쿼시,골프,합기도,44,남,INFP,무,
주짓수,합기도,펜싱,줄넘기,21,남,INTJ,무,
탁구,합기도,주짓수,복싱,73,남,INFP,무,
태권도,당구,합기도,수영,11,남,ENFP,무,
,,,,30,남,ISFJ,유,배드민턴
주짓수,헬스,스쿼시,태권도,50,남,ENTP,무,
검도,합기도,빙상(스케이트),스쿼시,38,여,ISFJ,무,
,,,,59,남,ENFP,유,농구
,,,,19,남,ESFP,유,수영
태권도,빙상(스케이트),당구,크로스핏,68,여,ENFJ,무,
볼링,배구,스쿼시,당구,66,남,ENTJ,무,
헬스,탁구,줄넘기,검도,37,여,ESTJ,무,
,,,,34,여,ENFP,유,배구
,,,,52,여,INTJ,유,배드민턴
골프,유도,종합체육시설,검도,31,남,INFP,무,
롤러인라인,빙상(스케이트),필라테스,테니스,19,남,ISFJ,무,
클라이밍(암벽등반),테니스,태권도,종합체육시설,24,남,ESFP,무,
종합체육시설,필라테스,수영,줄넘기,48,남,ESTJ,무,
테니스,스쿼시,검도,필라테스,35,여,ISTP,무,
빙상(스케이트),스쿼시,볼링,축구(풋살),49,남,ENTP,무,
,,,,56,남,INTP,유,필라테스
골프,배드민턴,필라테스,승마,34,여,INTJ,무,
검도,스쿼시,승마,클라이밍(암벽등반),77,남,ESTP,무,
당구,검도,배구,유도,46,여,ESTP,무,
,,,,22,여,INTJ,유,필라테스
합기도,수영,펜싱,종합체육시설,64,여,ISTP,무,
골프,헬스,크로스핏,복싱,36,여,ISFJ,무,
필라테스,클라이밍(암벽등반),수영,농구,23,여,INFP,무,
필라테스,검도,클라이밍(암벽등반),태권도,23,남,ENTJ,무,
유도,테니스,주짓수,스쿼시,38,남,ENFP,무,
,,,,30,남,ESTJ,유,배드민턴
종합체육시설,유도,합기도,롤러인라인,45,남,ISFP,무,
볼링,필라테스,크로스핏,농구,8,남,ISTP,무,
필라테스,주짓수,배구,클라이밍(암벽등반),36,남,ESTP,무,
,,,,72,남,ISTJ,유,수영
댄스(줌바 등),펜싱,크로스핏,볼링,72,여,ESFJ,무,
배구,줄넘기,검도,크로스핏,23,남,ISFP,무,
요가,수영,롤러인라인,골프,69,여,INTJ,무,
주짓수,당구,축구(풋살),수영,48,남,ISFP,무,
,,,,55,여,ESFJ,유,배드민턴
,,,,75,여,ESFJ,유,배구
골프,필라테스,빙상(스케이트),줄넘기,36,남,ENTJ,무,
탁구,빙상(스케이트),롤러인라인,주짓수,32,여,ISFJ,무,
빙상(스케이트),롤러인라인,수영,태권도,51,남,ISFJ,무,
,,,,63,남,ISFJ,유,필라테스
헬스,주짓수,펜싱,당구,63,남,ENTJ,무,
검도,롤러인라인,테니스,스쿼시,52,여,INTP,무,
테니스,펜싱,당구,클라이밍(암벽등반),49,남,ISTJ,무,
펜싱,유도,골프,필라테스,18,여,ISTP,무,
빙상(스케이트),에어로빅,요가,펜싱,66,여,ESFP,무,
태권도,테니스,종합체육시설,빙상(스케이트),49,남,ISFJ,무,
요가,빙상(스케이트),스쿼시,골프,19,여,ISFP,무,
펜싱,빙상(스케이트),복싱,탁구,47,여,ESFP,무,
,,,,8,여,ISFJ,유,배구
수영,펜싱,무용(발레 등),골프,51,여,ESFJ,무,
,,,,10,남,ENTJ,유,배구
빙상(스케이트),태권도,스쿼시,유도,40,여,ESFP,무,
복싱,클라이밍(암벽등반),스쿼시,크로스핏,33,여,ENTP,무,
합기도,볼링,승마,종합체육시설,22,남,INTJ,무,
,,,,33,남,ISFP,유,필라테스
태권도,유도,롤러인라인,테니스,55,남,ESFP,무,
수영,복싱,합기도,배드민턴,74,여,ENTJ,무,
,,,,29,여,ESFJ,유,수영
주짓수,검도,복싱,요가,8,여,ISFP,무,
복싱,헬스,당구,태권도,44,여,ESFJ,무,
헬스,수영,주짓수,복싱,39,남,ENFP,무,
,,,,60,여,ENTP,유,배구
무용(발레 등),필라테스,골프,요가,74,남,ENTJ,무,
,,,,68,남,INTJ,유,농구
당구,펜싱,복싱,종합체육시설,26,여,INFP,무,
필라테스,크로스핏,당구,빙상(스케이트),45,남,ESTP,무,
스쿼시,줄넘기,수영,당구,57,여,ESFP,무,
필라테스,헬스,검도,골프,8,여,ENFJ,무,
배구,클라이밍(암벽등반),종합체육시설,스쿼시,40,여,ENTJ,무,
,,,,68,여,ENFJ,유,배드민턴
,,,,24,남,ESTP,유,배구
태권도,테니스,종합체육시설,볼링,28,남,ISFJ,무,
태권도,골프,탁구,크로스핏,20,남,ENTP,무,
,,,,39,여,ENTJ,유,배구
농구,크로스핏,유도,스쿼시,63,남,ISTP,무,
볼링,복싱,합기도,클라이밍(암벽등반),21,여,ESFJ,무,
검도,클라이밍(암벽등반),축구(풋살),헬스,34,남,INTJ,무,
,,,,54,남,ESTP,유,농구
필라테스,탁구,줄넘기,무용(발레 등),52,남,ISFJ,무,
농구,에어로빅,태권도,스쿼시,24,남,INFP,무,
승마,빙상(스케이트),롤러인라인,주짓수,60,여,INFJ,무,
,,,,44,남,INTP,유,배드민턴
,,,,67,남,ESTP,유,배드민턴
펜싱,테니스,주짓수,골프,19,남,ESTJ,무,
볼링,댄스(줌바 등),배구,검도,39,여,ENTP,무,
,,,,31,여,ENTP,유,필라테스
합기도,클라이밍(암벽등반),롤러인라인,당구,45,남,ESTP,무,
롤러인라인,검도,골프,무용(발레 등),15,여,INTJ,무,
펜싱,복싱,태권도,야구,12,남,ISFJ,무,
,,,,61,남,ISFP,유,필라테스
,,,,14,여,ESTJ,유,수영
,,,,32,여,ISTJ,유,배드민턴
태권도,탁구,수영,빙상(스케이트),78,남,ISFJ,무,
댄스(줌바 등),주짓수,배드민턴,줄넘기,72,여,INTJ,무,
,,,,53,남,ENTJ,유,배구
수영,탁구,검도,테니스,54,여,INTP,무,
농구,필라테스,태권도,헬스,22,남,ESTJ,무,
,,,,35,남,ENFJ,유,농구
클라이밍(암벽등반),축구(풋살),롤러인라인,빙상(스케이트),66,남,ESTJ,무,
태권도,합기도,수영,스쿼시,27,여,INTJ,무,
,,,,20,남,INTP,유,배구
롤러인라인,클라이밍(암벽등반),골프,크로스핏,22,여,INTP,무,
요가,롤러인라인,에어로빅,합기도,49,남,ESTJ,무,
,,,,30,남,ISFJ,유,필라테스
탁구,펜싱,클라이밍(암벽등반),무용(발레 등),62,여,ENFP,무,
테니스,승마,필라테스,야구,11,남,ENFP,무,
,,,,24,남,ESFJ,유,수영
,,,,54,여,ENFJ,유,배구
필라테스,요가,배드민턴,줄넘기,60,여,ESTJ,무,
당구,종합체육시설,테니스,클라이밍(암벽등반),76,남,ENTP,무,
롤러인라인,당구,합기도,클라이밍(암벽등반),27,남,ESFJ,무,
클라이밍(암벽등반),합기도,태권도,농구,37,남,ESFP,무,
필라테스,검도,볼링,에어로빅,67,여,INTP,무,
합기도,농구,헬스,유도,28,여,ENFJ,무,
크로스핏,필라테스,태권도,헬스,63,여,ISTP,무,
승마,검도,펜싱,골프,40,여,INFJ,무,
펜싱,스쿼시,볼링,탁구,55,여,ISFP,무,
합기도,주짓수,줄넘기,수영,67,남,INTJ,무,
,,,,60,여,ESFJ,유,배드민턴
,,,,38,여,ESFJ,유,배드민턴
,,,,69,남,INTP,유,필라테스
유도,요가,수영,크로스핏,79,남,ENTP,무,
클라이밍(암벽등반),야구,주짓수,복싱,57,남,ISTJ,무,
롤러인라인,볼링,복싱,태권도,23,남,INFP,무,
종합체육시설,스쿼시,무용(발레 등),빙상(스케이트),13,여,INTP,무,
유도,무용(발레 등),야구,검도,50,남,INFJ,무,
,,,,28,여,INFJ,유,수영
,,,,35,남,INTJ,유,수영
,,,,76,남,ENTP,유,배구
,,,,52,여,INFP,유,필라테스
,,,,15,남,INFJ,유,배구
태권도,테니스,크로스핏,탁구,80,여,ESFP,무,
당구,테니스,종합체육시설,롤러인라인,66,여,ESTJ,무,
검도,무용(발레 등),종합체육시설,볼링,51,남,INFJ,무,
롤러인라인,복싱,빙상(스케이트),헬스,56,남,INTJ,무,
,,,,51,남,ISTP,유,필라테스
,,,,10,여,ENFJ,유,수영
,,,,71,남,ISFP,유,배구
종합체육시설,탁구,댄스(줌바 등),클라이밍(암벽등반),54,여,ESFP,무,
롤러인라인,검도,종합체육시설,당구,78,남,ISTP,무,
,,,,80,남,ESTP,유,배구
당구,배드민턴,골프,클라이밍(암벽등반),69,여,INTJ,무,
탁구,크로스핏,골프,배구,11,여,ISFJ,무,
복싱,클라이밍(암벽등반),합기도,탁구,74,남,ENFP,무,
탁구,당구,무용(발레 등),테니스,40,여,INFJ,무,
주짓수,줄넘기,검도,롤러인라인,21,남,ESTJ,무,
볼링,댄스(줌바 등),배드민턴,클라이밍(암벽등반),56,남,INTJ,무,
줄넘기,크로스핏,승마,클라이밍(암벽등반),9,여,ESFJ,무,
,,,,15,여,ENTP,유,수영
롤러인라인,승마,수영,축구(풋살),58,남,ENFP,무,
롤러인라인,태권도,종합체육시설,크로스핏,21,남,ENFJ,무,
,,,,67,남,INTJ,유,배드민턴
축구(풋살),골프,수영,볼링,20,남,INFJ,무,
,,,,51,남,INTP,유,배구
줄넘기,헬스,테니스,필라테스,26,남,ESFJ,무,
크로스핏,종합체육시설,수영,복싱,16,여,INTP,무,
승마,댄스(줌바 등),배구,헬스,47,여,ESTJ,무,
,,,,53,여,INTP,유,배구
,,,,12,남,ISTP,유,배구
합기도,롤러인라인,종합체육시설,탁구,17,남,ENTJ,무,
,,,,28,여,INFJ,유,수영
,,,,51,여,ENFP,유,필라테스
,,,,48,여,ISTP,유,배드민턴
크로스핏,유도,당구,스쿼시,41,여,ESTJ,무,
,,,,18,남,ESFP,유,수영
종합체육시설,당구,테니스,유도,21,여,ENTJ,무,
배구,펜싱,크로스핏,종합체육시설,9,남,ESTP,무,
펜싱,테니스,유도,볼링,72,남,INFJ,무,
주짓수,합기도,복싱,무용(발레 등),79,여,INTJ,무,
,,,,37,남,ESTJ,유,농구
배구,펜싱,볼링,주짓수,72,남,ENTP,무,
종합체육시설,복싱,클라이밍(암벽등반),헬스,63,남,ESFP,무,
종합체육시설,필라테스,태권도,댄스(줌바 등),16,여,INFJ,무,
,,,,17,남,ISFJ,유,필라테스
골프,태권도,댄스(줌바 등),크로스핏,30,여,ISTJ,무,
줄넘기,탁구,댄스(줌바 등),롤러인라인,62,남,ESFP,무,
에어로빅,복싱,볼링,배드민턴,18,남,INTJ,무,
펜싱,빙상(스케이트),테니스,스쿼시,59,남,ESTP,무,
배구,무용(발레 등),볼링,종합체육시설,47,여,INTJ,무,
,,,,54,여,INFJ,유,수영
당구,유도,배드민턴,테니스,41,여,INTP,무,
헬스,펜싱,배드민턴,무용(발레 등),62,남,INFP,무,
,,,,24,남,ISTJ,유,농구
,,,,64,남,ISTP,유,농구
,,,,63,남,INFP,유,수영
,,,,56,남,INFP,유,배구
검도,테니스,클라이밍(암벽등반),헬스,8,여,ISTJ,무,
검도,주짓수,펜싱,요가,68,여,ESFP,무,
농구,크로스핏,복싱,테니스,15,남,ISFJ,무,
빙상(스케이트),스쿼시,합기도,당구,26,여,ENTP,무,
유도,요가,수영,빙상(스케이트),63,남,INTJ,무,
빙상(스케이트),유도,주짓수,검도,27,남,ENTJ,무,
스쿼시,야구,테니스,배구,36,남,ENFP,무,
배구,요가,헬스,탁구,16,남,ISFJ,무,
필라테스,클라이밍(암벽등반),배드민턴,빙상(스케이트),67,남,ENTJ,무,
,,,,38,남,ISFJ,유,배드민턴
합기도,배드민턴,롤러인라인,태권도,44,남,ENTJ,무,
축구(풋살),줄넘기,복싱,유도,66,여,INFP,무,
복싱,배드민턴,골프,당구,23,남,ISTJ,무,
크로스핏,스쿼시,필라테스,승마,21,남,ESFP,무,
,,,,77,남,ISTP,유,필라테스
합기도,롤러인라인,수영,축구(풋살),80,남,ISTP,무,
에어로빅,종합체육시설,수영,복싱,43,남,ESFJ,무,
,,,,33,남,ENFJ,유,수영
줄넘기,탁구,골프,빙상(스케이트),23,여,ESTP,무,
댄스(줌바 등),탁구,농구,펜싱,67,여,ISTP,무,
종합체육시설,복싱,주짓수,배드민턴,55,남,ENFJ,무,
롤러인라인,태권도,클라이밍(암벽등반),당구,49,여,ISTJ,무,
클라이밍(암벽등반),배드민턴,축구(풋살),검도,28,남,ENFJ,무,
클라이밍(암벽등반),롤러인라인,테니스,주짓수,54,남,ENTP,무,
,,,,42,남,ISFP,유,배구
야구,배구,롤러인라인,테니스,70,남,ENTP,무,
,,,,74,여,ESTP,유,배드민턴
,,,,28,여,ISTJ,유,필라테스
,,,,38,남,INTJ,유,수영
배드민턴,수영,볼링,검도,63,남,ENFP,무,
,,,,44,여,ENFP,유,배구
당구,주짓수,야구,크로스핏,56,남,ENTJ,무,
,,,,19,남,INTJ,유,수영
줄넘기,테니스,필라테스,배구,37,남,ISFJ,무,
클라이밍(암벽등반),요가,펜싱,당구,59,여,ESFP,무,
태권도,복싱,필라테스,빙상(스케이트),60,여,ESTP,무,
필라테스,검도,테니스,무용(발레 등),41,남,INFP,무,
,,,,21,남,ENTP,유,필라테스
스쿼시,수영,합기도,검도,25,여,INTP,무,
댄스(줌바 등),유도,테니스,종합체육시설,30,남,ISFP,무,
검도,크로스핏,태권도,헬스,38,남,ISFJ,무,
배드민턴,스쿼시,농구,검도,66,남,ESFJ,무,
볼링,유도,수영,스쿼시,15,남,ISTP,무,
스쿼시,복싱,배드민턴,태권도,52,남,ESTP,무,
검도,펜싱,볼링,유도,45,남,ESTJ,무,
유도,수영,배구,주짓수,19,여,INFP,무,
테니스,종합체육시설,줄넘기,복싱,39,남,ENTJ,무,
,,,,38,여,ENFJ,유,배구
수영,복싱,야구,태권도,18,여,ESTP,무,
탁구,종합체육시설,농구,주짓수,27,남,ISFJ,무,
,,,,65,남,ESTJ,유,수영
댄스(줌바 등),수영,검도,배드민턴,31,여,ENTJ,무,
,,,,40,남,ISFJ,유,농구
,,,,57,여,ESTP,유,배구
필라테스,승마,탁구,크로스핏,28,남,INTJ,무,
,,,,11,남,ISFP,유,필라테스
축구(풋살),볼링,배드민턴,농구,70,남,ESFJ,무,
롤러인라인,요가,야구,테니스,71,남,ESFJ,무,
태권도,필라테스,클라이밍(암벽등반),배구,22,여,ESTP,무,
,,,,31,여,ISFJ,유,수영
,,,,15,여,ISTJ,유,배드민턴
복싱,유도,수영,헬스,40,여,ENFJ,무,
스쿼시,검도,야구,롤러인라인,32,남,INTP,무,
롤러인라인,에어로빅,주짓수,농구,26,남,ENTP,무,
,,,,11,여,ISTJ,유,필라테스
탁구,크로스핏,수영,볼링,44,남,INTP,무,
배드민턴,줄넘기,축구(풋살),유도,60,남,INFJ,무,
,,,,68,남,INTJ,유,배드민턴
크로스핏,빙상(스케이트),종합체육시설,수영,77,여,INFP,무,
태권도,펜싱,헬스,테니스,62,남,ENTJ,무,
합기도,크로스핏,헬스,에어로빅,54,여,INFP,무,
탁구,테니스,배구,펜싱,25,여,ISFP,무,
당구,롤러인라인,배구,주짓수,28,여,INFP,무,
필라테스,태권도,검도,수영,25,여,ENFP,무,
크로스핏,태권도,골프,필라테스,56,남,ESTP,무,
헬스,배구,수영,태권도,60,여,ENFP,무,
골프,배구,펜싱,검도,40,남,ENTJ,무,
,,,,36,여,ENFP,유,필라테스
,,,,61,여,INFP,유,수영
테니스,태권도,승마,주짓수,66,남,ESTP,무,
,,,,38,남,ISTP,유,수영
골프,무용(발레 등),롤러인라인,태권도,11,여,ESTP,무,
,,,,33,여,ISFJ,유,수영
빙상(스케이트),스쿼시,야구,볼링,79,남,ISTJ,무,
,,,,36,남,INFJ,유,수영
펜싱,요가,유도,빙상(스케이트),51,여,ESFP,무,
종합체육시설,탁구,펜싱,무용(발레 등),20,남,INTP,무,
종합체육시설,펜싱,스쿼시,태권도,56,남,INFP,무,
테니스,댄스(줌바 등),에어로빅,주짓수,9,여,INTJ,무,
,,,,32,남,ENTJ,유,필라테스
수영,테니스,당구,클라이밍(암벽등반),65,남,ENTJ,무,
,,,,22,여,ENFP,유,배드민턴
당구,헬스,줄넘기,수영,77,남,ESFJ,무,
,,,,13,여,ENTJ,유,배구
헬스,태권도,복싱,승마,21,남,ISFP,무,
주짓수,복싱,필라테스,검도,32,남,ENFJ,무,
,,,,32,남,ENFJ,유,수영
빙상(스케이트),복싱,수영,볼링,76,여,INFP,무,
테니스,배구,줄넘기,크로스핏,16,여,ISTP,무,
태권도,종합체육시설,스쿼시,빙상(스케이트),54,여,INTJ,무,
,,,,44,남,ISTP,유,배구
검도,수영,요가,테니스,41,남,ENTJ,무,
탁구,무용(발레 등),골프,펜싱,48,남,ISFJ,무,
,,,,76,여,ENTJ,유,배드민턴
골프,당구,스쿼시,롤러인라인,37,남,ESTP,무,
,,,,9,남,ESTP,유,수영
펜싱,주짓수,줄넘기,클라이밍(암벽등반),43,남,INFJ,무,
볼링,펜싱,배구,빙상(스케이트),58,여,ISTJ,무,
줄넘기,크로스핏,야구,유도,57,여,ESFP,무,
,,,,16,남,ESTJ,유,필라테스
,,,,33,여,ISTJ,유,배구
크로스핏,주짓수,줄넘기,골프,69,여,ISFP,무,
당구,테니스,유도,에어로빅,66,남,ENFP,무,
,,,,74,여,ISTP,유,농구
종합체육시설,테니스,탁구,야구,49,남,ESTP,무,
주짓수,축구(풋살),에어로빅,배드민턴,63,여,ISTJ,무,
농구,골프,당구,태권도,74,남,ENTJ,무,
에어로빅,필라테스,볼링,수영,21,남,ENFP,무,
무용(발레 등),합기도,골프,수영,18,여,INTJ,무,
,,,,38,남,ESFP,유,배구
롤러인라인,검도,당구,승마,54,여,ISTJ,무,
축구(풋살),크로스핏,줄넘기,종합체육시설,11,남,ESFP,무,
무용(발레 등),탁구,농구,합기도,46,여,INTJ,무,
크로스핏,빙상(스케이트),펜싱,볼링,64,남,ISTP,무,
롤러인라인,합기도,태권도,요가,40,여,ENTJ,무,
주짓수,탁구,헬스,복싱,42,남,INFP,무,
,,,,59,여,ENFP,유,수영
필라테스,펜싱,합기도,무용(발레 등),75,남,INFJ,무,
탁구,배드민턴,복싱,줄넘기,33,남,ISTP,무,
배구,복싱,테니스,롤러인라인,65,여,ENTJ,무,
롤러인라인,승마,수영,유도,15,여,ESFJ,무,
수영,복싱,승마,검도,31,여,ENTP,무,
펜싱,댄스(줌바 등),배드민턴,테니스,34,여,ESTJ,무,
종합체육시설,유도,복싱,합기도,18,여,ENFP,무,
,,,,27,여,ENFP,유,배드민턴
,,,,57,여,INTJ,유,배구
클라이밍(암벽등반),복싱,종합체육시설,태권도,46,여,ISTP,무,
축구(풋살),무용(발레 등),승마,당구,57,여,ESTJ,무,
,,,,62,남,ESFP,유,필라테스
볼링,수영,테니스,유도,32,남,ESFJ,무,
태권도,축구(풋살),탁구,줄넘기,11,여,ENTJ,무,
당구,탁구,크로스핏,수영,15,여,INTP,무,
,,,,24,여,ENFP,유,농구
,,,,56,여,INTJ,유,수영
,,,,66,여,ESTP,유,배드민턴
검도,종합체육시설,골프,주짓수,68,남,ESTJ,무,
합기도,펜싱,배구,검도,76,남,INTJ,무,
,,,,27,여,ISTJ,유,배구
크로스핏,클라이밍(암벽등반),스쿼시,댄스(줌바 등),70,여,ENFJ,무,
,,,,47,여,ENFJ,유,배구
,,,,53,남,ISTP,유,배드민턴
수영,클라이밍(암벽등반),농구,줄넘기,49,남,ESTP,무,
복싱,빙상(스케이트),종합체육시설,크로스핏,34,남,ESFP,무,
승마,필라테스,복싱,클라이밍(암벽등반),36,남,ESTJ,무,
축구(풋살),탁구,배구,주짓수,23,남,ENFP,무,
당구,배구,검도,요가,36,남,ESFJ,무,
,,,,51,여,ENTP,유,배구
,,,,79,남,ISFP,유,필라테스
,,,,25,남,ISFJ,유,배구
,,,,79,여,ENFJ,유,필라테스
축구(풋살),골프,펜싱,크로스핏,26,여,ENTJ,무,
,,,,53,여,INFP,유,필라테스
검도,롤러인라인,배드민턴,합기도,62,여,INTP,무,
탁구,무용(발레 등),종합체육시설,주짓수,32,여,ISFJ,무,
,,,,30,여,ISFP,유,수영
볼링,골프,합기도,크로스핏,57,남,ESFJ,무,
탁구,수영,태권도,헬스,54,남,ESTP,무,
빙상(스케이트),테니스,요가,필라테스,80,남,ESFJ,무,
,,,,40,여,INFP,유,농구
무용(발레 등),롤러인라인,댄스(줌바 등),축구(풋살),42,남,ISTP,무,
유도,테니스,배드민턴,필라테스,33,여,ISTP,무,
,,,,13,여,ESTP,유,배드민턴
유도,종합체육시설,롤러인라인,볼링,35,여,ISTJ,무,
클라이밍(암벽등반),축구(풋살),농구,복싱,34,남,ISTJ,무,
당구,복싱,수영,필라테스,9,남,ENTJ,무,
,,,,16,남,ENFJ,유,필라테스
,,,,25,남,ENTJ,유,배드민턴
,,,,28,여,INTP,유,배드민턴
,,,,75,여,ESTP,유,필라테스
줄넘기,골프,검도,무용(발레 등),33,남,ESFJ,무,
,,,,14,남,ISFJ,유,필라테스
검도,수영,요가,복싱,26,여,ENFJ,무,
클라이밍(암벽등반),당구,에어로빅,태권도,10,여,INFJ,무,
,,,,64,남,ESFJ,유,필라테스
축구(풋살),당구,롤러인라인,배구,50,남,ISTP,무,
줄넘기,종합체육시설,요가,클라이밍(암벽등반),32,남,ENTP,무,
헬스,종합체육시설,펜싱,테니스,64,남,ESFJ,무,
배드민턴,볼링,합기도,수영,67,남,INTJ,무,
탁구,펜싱,합기도,크로스핏,35,여,INFP,무,
,,,,78,남,ISTJ,유,필라테스
볼링,롤러인라인,테니스,크로스핏,9,여,ESFP,무,
스쿼시,태권도,배구,탁구,31,남,INTP,무,
,,,,16,여,ESTJ,유,배드민턴
합기도,볼링,수영,당구,33,남,INFJ,무,
,,,,72,남,INTJ,유,수영
종합체육시설,야구,헬스,롤러인라인,78,남,ENFJ,무,
당구,복싱,태권도,수영,65,여,ENFJ,무,
클라이밍(암벽등반),유도,태권도,펜싱,74,남,INTJ,무,
골프,주짓수,배구,유도,56,남,INTJ,무,
줄넘기,롤러인라인,배드민턴,스쿼시,9,남,ISTP,무,
크로스핏,테니스,스쿼시,검도,62,여,ESFP,무,
,,,,61,여,ISTJ,유,필라테스
주짓수,스쿼시,줄넘기,유도,37,여,INFP,무,
탁구,필라테스,줄넘기,당구,41,여,ESFJ,무,
복싱,헬스,배구,야구,11,남,ENTP,무,
당구,배드민턴,에어로빅,크로스핏,72,여,ENFJ,무,
,,,,64,남,ENFJ,유,수영
,,,,77,남,INTP,유,필라테스
골프,축구(풋살),스쿼시,태권도,72,남,INFJ,무,
펜싱,탁구,축구(풋살),배드민턴,59,남,INFP,무,
골프,빙상(스케이트),클라이밍(암벽등반),야구,69,남,ISTP,무,
골프,크로스핏,종합체육시설,배구,20,여,ESTJ,무,
골프,에어로빅,복싱,축구(풋살),49,남,INTP,무,
농구,종합체육시설,댄스(줌바 등),승마,19,남,INFJ,무,
,,,,19,남,INFP,유,배구
배구,헬스,줄넘기,검도,37,남,INTP,무,
,,,,19,여,INTP,유,배드민턴
당구,수영,헬스,클라이밍(암벽등반),23,남,ESTP,무,
검도,헬스,수영,펜싱,80,남,ENTJ,무,
수영,클라이밍(암벽등반),농구,요가,15,남,ENTJ,무,
종합체육시설,배드민턴,요가,골프,55,여,INTJ,무,
무용(발레 등),롤러인라인,클라이밍(암벽등반),유도,69,여,ISTJ,무,
합기도,검도,빙상(스케이트),크로스핏,39,여,ESFJ,무,
종합체육시설,유도,배드민턴,검도,62,남,ENFP,무,
댄스(줌바 등),주짓수,탁구,볼링,22,여,ESTJ,무,
복싱,댄스(줌바 등),요가,헬스,37,여,ESTJ,무,
,,,,24,여,ISTJ,유,배구
요가,합기도,줄넘기,롤러인라인,47,여,INFP,무,
농구,검도,테니스,볼링,25,남,ENTP,무,
종합체육시설,수영,테니스,필라테스,40,남,INFJ,무,
유도,요가,롤러인라인,야구,31,남,INTP,무,
스쿼시,당구,크로스핏,필라테스,18,남,ENFP,무,
복싱,합기도,검도,종합체육시설,28,여,ISTP,무,
농구,롤러인라인,태권도,볼링,40,남,INTP,무,
클라이밍(암벽등반),빙상(스케이트),테니스,롤러인라인,23,남,ISTJ,무,
,,,,29,여,INTJ,유,배구
댄스(줌바 등),수영,검도,태권도,62,남,ENFJ,무,
야구,유도,당구,롤러인라인,69,여,ISTJ,무,
합기도,필라테스,테니스,검도,77,남,ESTJ,무,
당구,배구,볼링,검도,32,여,ENTJ,무,
,,,,48,남,ISFJ,유,수영
,,,,43,남,ISFJ,유,농구
골프,검도,댄스(줌바 등),수영,51,남,ENFJ,무,
,,,,24,여,ENTJ,유,배구
줄넘기,테니스,헬스,골프,79,여,ISTP,무,
줄넘기,당구,농구,헬스,55,남,INFJ,무,
,,,,65,여,INFJ,유,배구
배드민턴,태권도,무용(발레 등),복싱,28,여,ISFP,무,
배구,필라테스,종합체육시설,유도,62,남,ISTJ,무,
,,,,61,남,ENTJ,유,농구
빙상(스케이트),주짓수,배구,탁구,67,여,ISFJ,무,
크로스핏,헬스,야구,검도,16,남,INTJ,무,
,,,,76,남,ISFJ,유,배구
배드민턴,유도,빙상(스케이트),당구,49,남,INTJ,무,
롤러인라인,볼링,배구,댄스(줌바 등),60,여,ENTP,무,
배구,에어로빅,클라이밍(암벽등반),유도,68,여,INTP,무,
,,,,65,여,ENFP,유,배구
합기도,복싱,승마,헬스,42,남,ESTP,무,
테니스,검도,탁구,줄넘기,68,여,INTJ,무,
수영,펜싱,농구,볼링,71,남,ENTP,무,
,,,,53,남,ESFP,유,배구
합기도,볼링,헬스,야구,31,여,ISFJ,무,
클라이밍(암벽등반),배구,요가,탁구,45,여,ENFJ,무,
농구,줄넘기,헬스,종합체육시설,44,남,INFJ,무,
당구,골프,헬스,무용(발레 등),66,여,ISFP,무,
종합체육시설,수영,줄넘기,탁구,54,남,ISTJ,무,
,,,,26,남,ESFJ,유,필라테스
필라테스,헬스,배구,복싱,30,남,ISFP,무,
복싱,종합체육시설,롤러인라인,축구(풋살),68,여,ISTP,무,
배구,빙상(스케이트),댄스(줌바 등),태권도,57,여,ESTJ,무,
검도,수영,크로스핏,댄스(줌바 등),33,남,INTP,무,
태권도,클라이밍(암벽등반),탁구,검도,38,남,ENFP,무,
필라테스,스쿼시,복싱,롤러인라인,60,남,INTJ,무,
복싱,볼링,펜싱,필라테스,19,남,ISTJ,무,
주짓수,크로스핏,필라테스,헬스,69,남,ESTJ,무,
배드민턴,복싱,롤러인라인,헬스,46,남,INTJ,무,
,,,,24,남,INTP,유,수영
줄넘기,크로스핏,펜싱,검도,49,여,ISFP,무,
당구,검도,종합체육시설,볼링,41,남,INTJ,무,
복싱,크로스핏,수영,골프,55,남,ENFJ,무,
,,,,51,남,ESTJ,유,필라테스
합기도,주짓수,수영,태권도,49,여,ISTJ,무,
필라테스,주짓수,헬스,수영,24,남,ESTP,무,
요가,유도,검도,롤러인라인,74,여,ISFJ,무,
스쿼시,골프,검도,필라테스,9,여,ESFP,무,
볼링,배드민턴,승마,합기도,77,남,INTP,무,
당구,합기도,야구,복싱,26,남,ENTJ,무,
,,,,40,여,ISTP,유,배드민턴
,,,,70,남,ISFJ,유,배드민턴
검도,줄넘기,농구,축구(풋살),45,남,ISFJ,무,
헬스,클라이밍(암벽등반),태권도,수영,63,여,ISFP,무,
당구,롤러인라인,빙상(스케이트),농구,8,여,ENTJ,무,
검도,롤러인라인,펜싱,복싱,15,여,ISFJ,무,
줄넘기,테니스,요가,탁구,63,남,ENTJ,무,
복싱,헬스,테니스,펜싱,53,여,ESFP,무,
,,,,66,여,ISFP,유,배구
,,,,72,여,ENTJ,유,필라테스
,,,,35,남,ENFJ,유,수영
수영,테니스,롤러인라인,펜싱,15,남,ENTJ,무,
당구,무용(발레 등),크로스핏,검도,26,남,ESFP,무,
합기도,태권도,검도,요가,61,여,INFJ,무,
,,,,24,남,ENTP,유,배드민턴
헬스,필라테스,빙상(스케이트),합기도,55,남,ISFJ,무,
탁구,댄스(줌바 등),크로스핏,당구,56,남,INTJ,무,
줄넘기,배구,헬스,무용(발레 등),41,여,ESFJ,무,
,,,,77,여,ENFP,유,배드민턴
배드민턴,필라테스,테니스,주짓수,45,여,ENTP,무,
태권도,댄스(줌바 등),골프,필라테스,70,여,INFJ,무,
탁구,수영,펜싱,합기도,73,남,INTP,무,
,,,,19,남,ENFP,유,수영
승마,태권도,검도,수영,40,남,ISFJ,무,
,,,,79,남,ESTP,유,배구
,,,,37,남,ENFP,유,필라테스
에어로빅,배구,빙상(스케이트),필라테스,74,여,ENFP,무,
,,,,59,여,INTJ,유,배구
주짓수,클라이밍(암벽등반),농구,유도,34,남,ESTP,무,
,,,,30,여,INFJ,유,배드민턴
야구,배드민턴,빙상(스케이트),당구,72,남,ENFJ,무,
수영,검도,종합체육시설,볼링,50,여,ISTP,무,
요가,롤러인라인,줄넘기,축구(풋살),40,남,ENTP,무,
,,,,27,여,INTJ,유,필라테스
테니스,종합체육시설,태권도,롤러인라인,33,여,ESFP,무,
배드민턴,복싱,당구,주짓수,24,여,ENTJ,무,
태권도,무용(발레 등),에어로빅,펜싱,48,여,INTP,무,
배구,볼링,야구,복싱,35,남,ISFP,무,
수영,볼링,배드민턴,종합체육시설,60,남,INTP,무,
,,,,34,여,ISFJ,유,배구
볼링,태권도,골프,헬스,21,여,ESFJ,무,
크로스핏,롤러인라인,주짓수,수영,61,여,ESFJ,무,
,,,,41,여,ESTP,유,배드민턴
,,,,67,여,INFP,유,수영
크로스핏,헬스,주짓수,에어로빅,9,여,ESFJ,무,
탁구,볼링,배구,롤러인라인,80,남,ESTP,무,
유도,검도,필라테스,수영,32,남,INFP,무,
,,,,78,여,ESTP,유,배구
스쿼시,당구,요가,볼링,18,남,INTJ,무,
,,,,27,여,INTP,유,수영
클라이밍(암벽등반),주짓수,당구,축구(풋살),12,여,ESFP,무,
,,,,78,여,INTP,유,필라테스
빙상(스케이트),테니스,크로스핏,종합체육시설,58,남,ESFJ,무,
,,,,40,남,ENFJ,유,수영
유도,야구,복싱,크로스핏,16,남,ESFP,무,
,,,,75,여,ESFP,유,배드민턴
,,,,79,여,INTP,유,수영
줄넘기,검도,클라이밍(암벽등반),야구,37,남,ISTP,무,
에어로빅,승마,검도,유도,31,여,INFP,무,
승마,검도,유도,당구,56,남,ENTP,무,
빙상(스케이트),배드민턴,헬스,테니스,75,여,ENTP,무,
,,,,42,여,ISTP,유,배드민턴
합기도,줄넘기,검도,복싱,25,여,ESTP,무,
,,,,68,남,INFJ,유,필라테스
,,,,40,여,ISFJ,유,필라테스
,,,,78,여,ESTP,유,필라테스
농구,태권도,골프,유도,44,남,ENTJ,무,
종합체육시설,야구,스쿼시,골프,28,여,INFP,무,
농구,필라테스,롤러인라인,클라이밍(암벽등반),37,남,ISTP,무,
테니스,롤러인라인,에어로빅,무용(발레 등),75,여,INTJ,무,
,,,,39,여,ESFP,유,수영
,,,,80,여,ENFP,유,배구
복싱,롤러인라인,크로스핏,주짓수,69,남,INTP,무,
,,,,14,여,ENTJ,유,필라테스
유도,헬스,합기도,배드민턴,23,여,INTJ,무,
필라테스,합기도,태권도,요가,69,여,INFJ,무,
,,,,34,여,ISTJ,유,수영
,,,,65,남,ENFP,유,배드민턴
농구,클라이밍(암벽등반),헬스,필라테스,43,여,ENTP,무,
,,,,56,남,ENTJ,유,수영
,,,,68,여,ESTP,유,수영
,,,,61,여,ENTP,유,필라테스
주짓수,배구,골프,복싱,15,여,ISTJ,무,
,,,,31,여,INTP,유,배드민턴
합기도,배드민턴,크로스핏,무용(발레 등),31,여,INFJ,무,
당구,요가,펜싱,크로스핏,25,여,INFJ,무,
종합체육시설,클라이밍(암벽등반),합기도,줄넘기,60,남,INTP,무,
빙상(스케이트),크로스핏,수영,농구,34,여,ENTJ,무,
롤러인라인,테니스,유도,골프,40,남,ENFP,무,
,,,,24,여,ENFP,유,배구
야구,클라이밍(암벽등반),골프,롤러인라인,25,여,ENFP,무,
롤러인라인,합기도,배드민턴,헬스,59,남,ISTJ,무,
유도,배드민턴,당구,줄넘기,59,여,ISTJ,무,
종합체육시설,클라이밍(암벽등반),크로스핏,복싱,27,여,ESFP,무,
,,,,56,남,ISTJ,유,배드민턴
,,,,22,여,ENTP,유,농구
,,,,19,여,ENFJ,유,수영
,,,,24,여,ISTJ,유,배구
유도,농구,헬스,탁구,61,여,INFJ,무,
댄스(줌바 등),스쿼시,탁구,배구,71,여,ESTP,무,
골프,종합체육시설,줄넘기,볼링,16,여,INFJ,무,
복싱,배드민턴,탁구,스쿼시,26,남,ISFP,무,
,,,,40,여,ISTJ,유,수영
롤러인라인,클라이밍(암벽등반),축구(풋살),종합체육시설,22,남,ESTP,무,
야구,당구,빙상(스케이트),댄스(줌바 등),70,남,ENFJ,무,
합기도,야구,복싱,클라이밍(암벽등반),16,남,ISTJ,무,
빙상(스케이트),테니스,크로스핏,요가,47,여,ENTJ,무,
,,,,19,여,ESFP,유,필라테스
종합체육시설,펜싱,볼링,배드민턴,72,여,ESTP,무,
골프,롤러인라인,필라테스,승마,72,남,ISFP,무,
합기도,검도,종합체육시설,빙상(스케이트),76,여,INTP,무,
클라이밍(암벽등반),롤러인라인,크로스핏,헬스,13,남,ESTJ,무,
유도,종합체육시설,배드민턴,클라이밍(암벽등반),33,남,ESFP,무,
탁구,롤러인라인,복싱,줄넘기,15,남,ESTP,무,
스쿼시,클라이밍(암벽등반),요가,종합체육시설,79,여,INFP,무,
배구,댄스(줌바 등),수영,배드민턴,30,남,ESFP,무,
헬스,클라이밍(암벽등반),주짓수,줄넘기,42,남,INTP,무,
헬스,줄넘기,필라테스,스쿼시,52,남,ISFP,무,
,,,,26,여,INTJ,유,배드민턴
,,,,30,여,ISTP,유,배구
,,,,68,여,ISFP,유,배드민턴
스쿼시,당구,종합체육시설,배구,20,남,ISTJ,무,
태권도,볼링,주짓수,당구,24,여,ENTJ,무,
클라이밍(암벽등반),골프,복싱,빙상(스케이트),27,여,ENFP,무,
빙상(스케이트),합기도,테니스,스쿼시,65,여,ENTP,무,
배구,헬스,유도,종합체육시설,79,남,INFP,무,
당구,에어로빅,볼링,빙상(스케이트),28,남,INFP,무,
배구,헬스,농구,주짓수,69,여,ISFP,무,
요가,주짓수,테니스,태권도,34,여,ISTJ,무,
,,,,64,남,ISFP,유,배드민턴
태권도,에어로빅,종합체육시설,주짓수,30,남,ENTJ,무,
골프,수영,펜싱,주짓수,28,여,INFJ,무,
수영,태권도,골프,빙상(스케이트),62,여,ESTJ,무,
,,,,41,여,ENFJ,유,수영
,,,,76,남,INTJ,유,배드민턴
태권도,탁구,합기도,종합체육시설,73,여,ESFJ,무,
볼링,펜싱,승마,무용(발레 등),16,남,ISTJ,무,
에어로빅,빙상(스케이트),태권도,줄넘기,77,여,INTP,무,
수영,골프,종합체육시설,테니스,29,여,INTJ,무,
수영,배드민턴,배구,종합체육시설,36,여,ENTJ,무,
,,,,17,남,ESTJ,유,배드민턴
농구,합기도,무용(발레 등),탁구,54,남,ESFJ,무,
헬스,합기도,요가,골프,61,여,INTJ,무,
,,,,49,여,ESFP,유,배구
,,,,37,여,ISTP,유,필라테스
,,,,41,남,INFP,유,수영
,,,,61,여,ESTP,유,수영
,,,,73,여,ENTP,유,필라테스
골프,당구,축구(풋살),주짓수,65,남,INFP,무,
,,,,25,남,INTJ,유,배드민턴
유도,줄넘기,롤러인라인,합기도,57,여,INFJ,무,
,,,,70,여,ISTJ,유,배드민턴
종합체육시설,롤러인라인,스쿼시,빙상(스케이트),38,남,ENFP,무,
합기도,테니스,헬스,검도,72,남,INFP,무,
크로스핏,펜싱,빙상(스케이트),테니스,77,남,ENTJ,무,
스쿼시,승마,유도,빙상(스케이트),42,남,INFJ,무,
골프,스쿼시,유도,종합체육시설,48,여,ISTJ,무,
,,,,30,여,ISFP,유,배구
,,,,37,여,INTJ,유,필라테스
유도,합기도,댄스(줌바 등),테니스,46,여,ISTJ,무,
당구,주짓수,태권도,합기도,48,여,ESTP,무,
주짓수,배구,볼링,테니스,44,남,INTJ,무,
크로스핏,필라테스,댄스(줌바 등),펜싱,19,여,ENTP,무,
볼링,요가,빙상(스케이트),테니스,40,남,INFP,무,
합기도,검도,댄스(줌바 등),당구,12,여,INFP,무,
종합체육시설,빙상(스케이트),테니스,줄넘기,38,여,ESTP,무,
배구,펜싱,축구(풋살),줄넘기,39,여,ESTP,무,
,,,,72,여,ENFP,유,배드민턴
롤러인라인,볼링,클라이밍(암벽등반),테니스,56,남,ESFP,무,
,,,,9,여,ENTP,유,배구
필라테스,크로스핏,당구,주짓수,72,남,ENTJ,무,
,,,,9,남,INTJ,유,농구
주짓수,볼링,크로스핏,종합체육시설,71,남,ISFJ,무,
태권도,야구,탁구,필라테스,60,여,ISFJ,무,
,,,,56,남,ENTJ,유,필라테스
,,,,53,여,INTP,유,필라테스
빙상(스케이트),종합체육시설,롤러인라인,축구(풋살),14,남,ESTJ,무,
펜싱,골프,필라테스,테니스,69,여,INTP,무,
,,,,27,남,ISFP,유,필라테스
배드민턴,빙상(스케이트),테니스,유도,59,남,INTP,무,
,,,,28,여,ESFJ,유,배드민턴
골프,스쿼시,클라이밍(암벽등반),펜싱,35,남,ESTP,무,
펜싱,배구,탁구,수영,51,여,ISTP,무,
배구,크로스핏,골프,종합체육시설,57,남,ESFJ,무,
,,,,77,남,ISTP,유,수영
요가,검도,필라테스,주짓수,55,여,ISFJ,무,
줄넘기,유도,축구(풋살),배구,46,여,ENTJ,무,
,,,,30,남,ISTP,유,농구
,,,,38,남,ISTP,유,배구
,,,,16,여,ENFJ,유,배구
,,,,34,남,INTP,유,배구
종합체육시설,유도,수영,골프,56,남,ISFJ,무,
,,,,26,여,ESTP,유,농구
탁구,합기도,태권도,줄넘기,56,여,ESTJ,무,
,,,,45,남,ESFJ,유,배구
,,,,11,남,ISFP,유,필라테스
크로스핏,골프,롤러인라인,스쿼시,52,남,INTP,무,
필라테스,복싱,롤러인라인,골프,69,여,ESFP,무,
수영,배드민턴,골프,무용(발레 등),60,남,ISTJ,무,
볼링,클라이밍(암벽등반),테니스,헬스,12,남,INFJ,무,
,,,,48,여,ISTJ,유,필라테스
댄스(줌바 등),승마,테니스,클라이밍(암벽등반),46,여,ISFJ,무,
,,,,65,남,ENTJ,유,수영
,,,,69,남,INTJ,유,필라테스
테니스,검도,골프,클라이밍(암벽등반),78,남,ISTJ,무,
,,,,25,남,ESTJ,유,배구
,,,,37,남,ESFP,유,배드민턴
야구,수영,골프,댄스(줌바 등),39,남,ISFJ,무,
,,,,78,남,ENFJ,유,배구
배드민턴,빙상(스케이트),야구,합기도,78,남,ENTJ,무,
,,,,64,남,INTP,유,농구
테니스,클라이밍(암벽등반),헬스,요가,10,남,INTP,무,
펜싱,농구,합기도,배드민턴,60,남,ENTJ,무,
수영,태권도,펜싱,크로스핏,35,남,ENTP,무,
테니스,골프,당구,롤러인라인,51,여,ESFJ,무,
,,,,42,남,ISTP,유,필라테스
,,,,78,남,ESTP,유,배구
,,,,39,여,ENTJ,유,수영
종합체육시설,펜싱,탁구,축구(풋살),63,남,ISTJ,무,
펜싱,축구(풋살),필라테스,농구,24,남,ENFJ,무,
복싱,펜싱,빙상(스케이트),롤러인라인,19,남,ISFP,무,
롤러인라인,배구,볼링,테니스,19,남,ISTP,무,
크로스핏,클라이밍(암벽등반),골프,탁구,56,남,ISTP,무,
,,,,68,여,ESFP,유,필라테스
태권도,테니스,야구,골프,70,여,ISTP,무,
,,,,17,남,INFJ,유,배드민턴
,,,,40,남,ESTJ,유,배구
댄스(줌바 등),수영,골프,당구,33,여,INFJ,무,
배구,탁구,댄스(줌바 등),수영,45,여,ENFJ,무,
주짓수,수영,유도,빙상(스케이트),22,여,INTJ,무,
골프,스쿼시,수영,볼링,26,남,ESTJ,무,
야구,줄넘기,유도,검도,32,여,ESTP,무,
합기도,복싱,볼링,골프,52,여,ENFP,무,
복싱,수영,배구,스쿼시,38,여,ESFJ,무,
,,,,66,여,INFJ,유,배구
유도,당구,줄넘기,종합체육시설,13,여,ENTJ,무,
,,,,65,여,ENFP,유,배드민턴
주짓수,클라이밍(암벽등반),배드민턴,테니스,58,여,ENFJ,무,
유도,종합체육시설,크로스핏,롤러인라인,16,여,ENTJ,무,
,,,,71,여,ENTP,유,필라테스
빙상(스케이트),펜싱,검도,줄넘기,18,남,ISFP,무,
승마,헬스,에어로빅,태권도,28,여,INFJ,무,
배드민턴,승마,요가,복싱,19,남,ISFP,무,
야구,태권도,농구,헬스,44,남,ENTP,무,
펜싱,클라이밍(암벽등반),헬스,배구,67,남,INTP,무,
유도,스쿼시,댄스(줌바 등),클라이밍(암벽등반),68,남,ESTP,무,
,,,,61,남,ESTJ,유,수영
줄넘기,빙상(스케이트),헬스,탁구,62,남,ENTP,무,
,,,,50,여,ENTJ,유,배구
,,,,37,여,INFJ,유,농구
,,,,9,남,ISFP,유,수영
줄넘기,골프,합기도,크로스핏,56,여,ENFJ,무,
배구,주짓수,스쿼시,수영,32,남,INTP,무,
,,,,44,여,INTJ,유,수영
펜싱,배드민턴,테니스,빙상(스케이트),49,여,ISFP,무,
헬스,배드민턴,골프,롤러인라인,72,남,ENFP,무,
,,,,65,여,ISTP,유,배구
당구,농구,승마,합기도,45,여,ISFJ,무,
,,,,62,남,INTJ,유,배드민턴
주짓수,줄넘기,당구,농구,26,여,INTP,무,
펜싱,헬스,클라이밍(암벽등반),종합체육시설,47,남,ENTP,무,
골프,필라테스,무용(발레 등),복싱,55,여,ISTP,무,
,,,,58,남,ESFP,유,수영
합기도,유도,헬스,골프,24,여,INFP,무,
,,,,22,남,ESTP,유,수영
배구,줄넘기,볼링,헬스,25,남,ENTP,무,
,,,,38,남,ESFP,유,배드민턴
탁구,복싱,테니스,종합체육시설,80,남,INFP,무,
종합체육시설,승마,골프,필라테스,23,남,ISTJ,무,
,,,,28,여,ENTP,유,농구
,,,,47,여,ESFJ,유,농구
,,,,75,남,ISTP,유,필라테스
스쿼시,줄넘기,유도,요가,32,여,INFP,무,
스쿼시,유도,클라이밍(암벽등반),배드민턴,62,남,ISTP,무,
,,,,79,남,ESTP,유,배구
,,,,65,남,INTJ,유,배구
크로스핏,볼링,펜싱,에어로빅,40,여,ISTJ,무,
롤러인라인,종합체육시설,펜싱,골프,30,여,ISTJ,무,
,,,,69,남,ESTP,유,필라테스
당구,주짓수,줄넘기,클라이밍(암벽등반),21,여,ENTJ,무,
,,,,54,여,ESFJ,유,필라테스
농구,당구,볼링,필라테스,61,남,INTJ,무,
롤러인라인,요가,주짓수,필라테스,47,여,ENFJ,무,
태권도,테니스,야구,검도,29,남,INFJ,무,
스쿼시,합기도,축구(풋살),당구,43,남,ESTJ,무,
검도,배구,에어로빅,수영,41,여,INTJ,무,
,,,,54,남,ENFJ,유,필라테스
줄넘기,복싱,스쿼시,탁구,9,남,ISTP,무,
볼링,태권도,무용(발레 등),검도,54,여,ISFJ,무,
크로스핏,빙상(스케이트),배드민턴,복싱,55,여,ISFJ,무,
,,,,65,남,ESFP,유,배구
줄넘기,태권도,테니스,검도,8,남,ESTJ,무,
,,,,32,여,ENFJ,유,필라테스
탁구,펜싱,배드민턴,크로스핏,18,남,ESTJ,무,
,,,,75,여,ESFJ,유,배드민턴
,,,,45,여,INTJ,유,농구
,,,,17,여,ENFP,유,배구
테니스,당구,배구,승마,8,남,INFJ,무,
축구(풋살),클라이밍(암벽등반),펜싱,스쿼시,36,남,ENTP,무,
롤러인라인,합기도,골프,주짓수,13,여,ESTJ,무,
,,,,45,남,ISTP,유,배드민턴
,,,,46,여,INTJ,유,배구
유도,스쿼시,무용(발레 등),탁구,32,여,ISFP,무,
롤러인라인,스쿼시,줄넘기,테니스,15,여,INFJ,무,
,,,,10,남,INFJ,유,배드민턴
배구,당구,합기도,빙상(스케이트),17,여,ESFP,무,
줄넘기,펜싱,롤러인라인,주짓수,64,여,ISFJ,무,
볼링,빙상(스케이트),유도,승마,73,남,ENTJ,무,
,,,,26,남,ESTJ,유,수영
펜싱,테니스,크로스핏,요가,33,남,ISTJ,무,
,,,,37,여,ISTP,유,필라테스
유도,댄스(줌바 등),태권도,탁구,29,여,ENFP,무,
주짓수,야구,탁구,축구(풋살),72,남,ENTJ,무,
클라이밍(암벽등반),필라테스,빙상(스케이트),요가,42,여,ESTJ,무,
,,,,77,남,ENTP,유,배구
,,,,18,여,ISFJ,유,배구
,,,,30,남,ISTP,유,수영
승마,복싱,펜싱,테니스,47,남,ENFJ,무,
종합체육시설,배드민턴,수영,볼링,25,남,ESTJ,무,
검도,태권도,유도,무용(발레 등),62,여,INFP,무,
배구,복싱,종합체육시설,펜싱,51,남,ISTJ,무,
수영,야구,헬스,합기도,41,남,ESTJ,무,
배구,크로스핏,스쿼시,필라테스,18,여,ISTP,무,
수영,복싱,태권도,빙상(스케이트),27,남,ENTP,무,
필라테스,주짓수,당구,줄넘기,78,남,INFJ,무,
빙상(스케이트),검도,합기도,당구,9,여,ISTP,무,
클라이밍(암벽등반),크로스핏,복싱,종합체육시설,45,남,ENFJ,무,
,,,,29,남,ENFP,유,필라테스
필라테스,주짓수,당구,골프,30,남,INFJ,무,
배드민턴,헬스,승마,크로스핏,70,남,INFP,무,
,,,,54,여,ESFP,유,배드민턴
볼링,유도,당구,배드민턴,43,남,INTJ,무,
빙상(스케이트),댄스(줌바 등),펜싱,볼링,78,남,ENFJ,무,
펜싱,복싱,필라테스,당구,8,남,ISFJ,무,
,,,,39,여,ISFJ,유,배드민턴
,,,,73,남,ENTP,유,수영
,,,,55,여,ESTJ,유,수영
빙상(스케이트),볼링,야구,헬스,74,남,ESFJ,무,
,,,,39,여,ESTJ,유,필라테스
,,,,44,여,ISFP,유,필라테스
종합체육시설,합기도,무용(발레 등),에어로빅,65,여,ESTJ,무,
클라이밍(암벽등반),댄스(줌바 등),태권도,당구,31,여,INTP,무,
,,,,68,남,ESTJ,유,수영
테니스,빙상(스케이트),당구,태권도,35,남,ISTP,무,
줄넘기,태권도,스쿼시,골프,48,남,ENTP,무,
빙상(스케이트),클라이밍(암벽등반),골프,롤러인라인,19,남,ESTJ,무,
,,,,26,여,ESTJ,유,수영
클라이밍(암벽등반),태권도,펜싱,배구,24,여,ESFJ,무,
유도,주짓수,태권도,테니스,23,남,INFP,무,
배드민턴,클라이밍(암벽등반),검도,테니스,9,여,INFP,무,
,,,,24,남,ISFJ,유,배구
승마,당구,볼링,스쿼시,80,여,INTJ,무,
골프,볼링,배구,테니스,21,남,INTP,무,
요가,검도,태권도,댄스(줌바 등),24,여,ESTP,무,
수영,태권도,스쿼시,빙상(스케이트),73,여,ISFJ,무,
,,,,46,여,ISFP,유,수영
클라이밍(암벽등반),검도,합기도,빙상(스케이트),47,여,ESFP,무,
유도,당구,배구,빙상(스케이트),9,남,ENFJ,무,
복싱,검도,스쿼시,배구,23,여,INTP,무,
필라테스,승마,댄스(줌바 등),롤러인라인,59,남,INFP,무,
줄넘기,헬스,당구,볼링,24,여,INTJ,무,
,,,,38,남,ISFP,유,배드민턴
,,,,31,여,ISTP,유,배드민턴
,,,,77,남,INTJ,유,필라테스
,,,,48,남,ISTP,유,배구
태권도,빙상(스케이트),필라테스,줄넘기,67,여,INFJ,무,
골프,유도,클라이밍(암벽등반),테니스,41,여,ENTJ,무,
주짓수,종합체육시설,태권도,유도,66,여,ENTJ,무,
,,,,55,남,ISFJ,유,수영
펜싱,골프,클라이밍(암벽등반),롤러인라인,26,여,INTJ,무,
빙상(스케이트),에어로빅,태권도,크로스핏,13,여,INTJ,무,
주짓수,승마,롤러인라인,빙상(스케이트),74,여,ENFP,무,
,,,,60,여,ENFP,유,배드민턴
주짓수,유도,크로스핏,검도,78,남,ENFP,무,
골프,클라이밍(암벽등반),야구,탁구,55,남,ESFJ,무,
탁구,유도,복싱,태권도,18,여,ENTJ,무,
,,,,47,남,ENTJ,유,배구
무용(발레 등),클라이밍(암벽등반),테니스,배드민턴,17,여,INTP,무,
볼링,스쿼시,유도,당구,29,남,INFP,무,
,,,,41,남,ISFJ,유,배드민턴
크로스핏,승마,배구,클라이밍(암벽등반),13,여,ENFJ,무,
배드민턴,주짓수,볼링,테니스,50,남,INFP,무,
축구(풋살),빙상(스케이트),에어로빅,종합체육시설,23,남,INTP,무,
축구(풋살),주짓수,합기도,배드민턴,72,남,ESFP,무,
,,,,8,남,INTP,유,배구
댄스(줌바 등),축구(풋살),탁구,스쿼시,44,남,ESTP,무,
배구,무용(발레 등),줄넘기,골프,30,남,ISFJ,무,
볼링,무용(발레 등),롤러인라인,클라이밍(암벽등반),39,여,ENTJ,무,
필라테스,수영,클라이밍(암벽등반),검도,34,여,ESTP,무,
배드민턴,복싱,유도,수영,58,여,ESTP,무,
,,,,27,여,ENFJ,유,배드민턴
유도,빙상(스케이트),농구,볼링,45,여,ESTJ,무,
,,,,25,남,ESFJ,유,농구
스쿼시,헬스,탁구,당구,29,여,ESTP,무,
헬스,주짓수,배드민턴,야구,11,남,ISFJ,무,
배구,승마,테니스,필라테스,37,여,INTP,무,
펜싱,검도,볼링,합기도,79,남,ESFP,무,
,,,,39,여,INTP,유,배드민턴
,,,,70,남,ESTP,유,농구
,,,,74,여,ESTJ,유,수영
롤러인라인,빙상(스케이트),야구,합기도,20,여,ENTJ,무,
줄넘기,에어로빅,유도,배드민턴,57,여,ISTP,무,
,,,,68,남,INTP,유,필라테스
,,,,59,남,INFP,유,필라테스
필라테스,탁구,크로스핏,검도,79,여,ENTJ,무,
배드민턴,골프,테니스,펜싱,13,남,ENFP,무,
테니스,탁구,댄스(줌바 등),주짓수,26,여,INFP,무,
펜싱,승마,탁구,볼링,28,여,INFP,무,
줄넘기,태권도,볼링,배드민턴,70,여,ESFJ,무,
크로스핏,종합체육시설,복싱,수영,32,여,ISTP,무,
합기도,탁구,태권도,펜싱,79,남,ENTP,무,
수영,펜싱,탁구,줄넘기,64,남,ISTP,무,
,,,,14,여,INFJ,유,필라테스
펜싱,유도,클라이밍(암벽등반),배드민턴,20,여,INFJ,무,
필라테스,헬스,검도,탁구,22,여,ESFP,무,
스쿼시,복싱,종합체육시설,펜싱,14,여,ESTP,무,
헬스,스쿼시,태권도,크로스핏,11,여,ISFJ,무,
,,,,40,남,ISTP,유,농구
복싱,롤러인라인,댄스(줌바 등),클라이밍(암벽등반),45,여,ISTP,무,
,,,,11,남,ISTJ,유,배드민턴
,,,,41,남,ISTJ,유,농구
,,,,36,남,ENTP,유,배구
탁구,야구,빙상(스케이트),합기도,11,남,ESTJ,무,
당구,요가,크로스핏,유도,63,여,ISFP,무,
스쿼시,댄스(줌바 등),클라이밍(암벽등반),야구,10,여,ENTJ,무,
,,,,18,남,ESTJ,유,배드민턴
검도,복싱,에어로빅,배드민턴,45,여,ENFJ,무,
태권도,필라테스,스쿼시,배드민턴,39,여,ISFP,무,
필라테스,헬스,테니스,태권도,45,여,ISTP,무,
,,,,29,남,INFJ,유,배드민턴
롤러인라인,줄넘기,수영,필라테스,36,남,ESTJ,무,
,,,,56,남,ISTJ,유,필라테스
에어로빅,태권도,무용(발레 등),롤러인라인,66,여,ENTJ,무,
승마,검도,유도,헬스,34,남,INTJ,무,
,,,,41,여,ISTJ,유,수영
종합체육시설,헬스,롤러인라인,필라테스,56,여,ISFJ,무,
배구,에어로빅,스쿼시,펜싱,62,여,ESTP,무,
,,,,60,남,ENTP,유,농구
,,,,74,남,ENFJ,유,수영
펜싱,필라테스,유도,합기도,24,남,ENFJ,무,
,,,,68,남,ESFP,유,배드민턴
스쿼시,필라테스,헬스,테니스,42,여,ISTJ,무,
빙상(스케이트),스쿼시,롤러인라인,합기도,34,남,ISTP,무,
합기도,주짓수,롤러인라인,테니스,48,여,ISFJ,무,
검도,태권도,배드민턴,필라테스,32,남,INTJ,무,
배드민턴,빙상(스케이트),펜싱,크로스핏,29,여,ESFJ,무,
,,,,49,남,INTJ,유,농구
종합체육시설,수영,줄넘기,주짓수,79,남,ENFJ,무,
,,,,31,남,ENFJ,유,농구
,,,,79,여,INTP,유,수영
,,,,75,남,INFJ,유,필라테스
배구,유도,요가,스쿼시,57,여,INFJ,무,
,,,,69,남,ENFJ,유,수영
검도,헬스,배구,볼링,75,여,ESTJ,무,
,,,,50,여,ENTP,유,수영
검도,빙상(스케이트),배드민턴,요가,48,여,INTJ,무,
에어로빅,크로스핏,수영,클라이밍(암벽등반),54,남,INTJ,무,
테니스,배드민턴,줄넘기,에어로빅,12,남,ENTP,무,
테니스,빙상(스케이트),당구,볼링,11,여,ISTJ,무,
빙상(스케이트),주짓수,스쿼시,합기도,61,여,ENTJ,무,
,,,,15,남,ENTJ,유,농구
,,,,22,여,ENTJ,유,수영
클라이밍(암벽등반),배구,당구,요가,49,여,ENTP,무,
농구,주짓수,테니스,클라이밍(암벽등반),25,여,ENTJ,무,
빙상(스케이트),복싱,유도,골프,27,여,ENFJ,무,
,,,,15,남,ENTP,유,필라테스
,,,,60,남,INFP,유,배구
클라이밍(암벽등반),스쿼시,종합체육시설,펜싱,76,남,INFJ,무,
줄넘기,배드민턴,농구,필라테스,57,남,ENTJ,무,
,,,,17,여,ESTP,유,배드민턴
복싱,크로스핏,볼링,수영,62,남,INFP,무,
당구,골프,복싱,크로스핏,11,남,ESFJ,무,
펜싱,필라테스,유도,테니스,35,여,ENFP,무,
골프,스쿼시,크로스핏,검도,18,남,ESFJ,무,
배구,줄넘기,당구,농구,36,여,ENTJ,무,
주짓수,크로스핏,헬스,복싱,70,여,ENTP,무,
,,,,32,남,ISTP,유,수영
,,,,24,여,ENFP,유,배드민턴
클라이밍(암벽등반),복싱,골프,야구,80,남,ISFJ,무,
,,,,55,여,ESFP,유,배드민턴
,,,,71,여,ENTP,유,배구
,,,,35,여,ISFP,유,수영
필라테스,주짓수,종합체육시설,복싱,33,남,ENTJ,무,
펜싱,필라테스,헬스,수영,29,여,ISFP,무,
,,,,74,여,INTJ,유,배드민턴
주짓수,탁구,유도,크로스핏,44,남,INFJ,무,
볼링,승마,배드민턴,펜싱,57,남,ESTP,무,
,,,,19,남,ISFJ,유,필라테스
볼링,헬스,크로스핏,유도,79,여,ESTJ,무,
골프,농구,클라이밍(암벽등반),헬스,54,여,ENTJ,무,
,,,,23,여,ISTJ,유,농구
클라이밍(암벽등반),무용(발레 등),댄스(줌바 등),크로스핏,28,여,ESTJ,무,
합기도,배구,롤러인라인,줄넘기,26,여,ENFJ,무,
무용(발레 등),유도,클라이밍(암벽등반),펜싱,10,여,ESTJ,무,
합기도,펜싱,수영,유도,61,남,ISFJ,무,
테니스,축구(풋살),롤러인라인,탁구,24,여,ENFP,무,
클라이밍(암벽등반),펜싱,필라테스,골프,52,남,INTP,무,
,,,,16,남,ISFJ,유,필라테스
무용(발레 등),유도,스쿼시,배구,58,여,INFP,무,
,,,,39,여,ESFP,유,필라테스
,,,,49,여,ESFP,유,필라테스
종합체육시설,수영,주짓수,필라테스,55,남,ENFP,무,
,,,,54,여,ESFP,유,필라테스
,,,,47,여,ISTP,유,배드민턴
유도,롤러인라인,당구,합기도,39,남,ESFJ,무,
,,,,56,남,ISTJ,유,수영
,,,,32,남,ESFP,유,수영
,,,,20,여,ESTJ,유,배구
,,,,16,남,ISTP,유,배구
종합체육시설,롤러인라인,수영,골프,78,남,INTP,무,
야구,테니스,스쿼시,줄넘기,56,여,INFJ,무,
요가,스쿼시,복싱,골프,53,여,ISTP,무,
검도,유도,테니스,볼링,56,여,ENFJ,무,
,,,,15,여,INTP,유,필라테스
,,,,65,여,ENTP,유,수영
요가,골프,검도,댄스(줌바 등),13,남,ISTP,무,
,,,,16,남,ESFJ,유,수영
,,,,32,남,ESFJ,유,필라테스
,,,,18,여,ISTP,유,배드민턴
,,,,11,여,INFP,유,필라테스
,,,,36,남,INTP,유,필라테스
스쿼시,종합체육시설,당구,태권도,59,남,INTP,무,
,,,,33,남,INFP,유,수영
야구,크로스핏,복싱,승마,61,남,ESFJ,무,
배구,합기도,농구,댄스(줌바 등),58,남,INFJ,무,
빙상(스케이트),종합체육시설,골프,농구,8,남,ISFJ,무,
검도,골프,헬스,수영,41,남,ISFJ,무,
주짓수,필라테스,검도,태권도,27,남,ISTP,무,
당구,수영,주짓수,클라이밍(암벽등반),27,여,ISFJ,무,
줄넘기,헬스,볼링,유도,32,남,ISTP,무,
펜싱,볼링,합기도,배드민턴,77,남,ISTJ,무,
,,,,78,여,ENFP,유,배드민턴
,,,,56,여,ISFJ,유,배드민턴
볼링,배드민턴,줄넘기,에어로빅,17,남,ENFP,무,
배드민턴,스쿼시,필라테스,수영,75,남,INTJ,무,
,,,,70,남,ESTP,유,배드민턴
,,,,60,남,ISFP,유,배드민턴
종합체육시설,합기도,테니스,헬스,47,여,ISFP,무,
빙상(스케이트),배드민턴,크로스핏,볼링,25,남,ISTJ,무,
축구(풋살),롤러인라인,수영,태권도,45,여,ESFP,무,
,,,,37,남,ESFJ,유,수영
,,,,73,여,ISTJ,유,배드민턴
,,,,74,남,ENFJ,유,필라테스
빙상(스케이트),스쿼시,복싱,종합체육시설,41,남,ISTJ,무,
필라테스,복싱,검도,태권도,71,남,ENFP,무,
검도,수영,탁구,필라테스,75,남,ENFP,무,
,,,,61,여,ENFJ,유,배구
당구,빙상(스케이트),주짓수,복싱,18,남,ISTJ,무,
주짓수,크로스핏,빙상(스케이트),축구(풋살),54,여,INTP,무,
무용(발레 등),골프,농구,롤러인라인,74,남,ESTP,무,
태권도,필라테스,야구,검도,14,남,ESTJ,무,
요가,골프,축구(풋살),줄넘기,32,남,INFP,무,
,,,,53,여,ISFP,유,배드민턴
농구,검도,스쿼시,수영,50,여,ESFJ,무,
빙상(스케이트),줄넘기,볼링,주짓수,11,남,ENFJ,무,
승마,롤러인라인,크로스핏,클라이밍(암벽등반),79,여,ENFP,무,
배드민턴,테니스,필라테스,합기도,20,여,ESTP,무,
,,,,61,남,ISTP,유,배구
,,,,77,여,ENTJ,유,필라테스
무용(발레 등),빙상(스케이트),탁구,스쿼시,22,여,ENFP,무,
,,,,43,남,ESTJ,유,수영
종합체육시설,에어로빅,유도,테니스,46,남,INFP,무,
,,,,38,남,ESFP,유,수영
당구,에어로빅,배구,검도,12,여,ENFP,무,
골프,빙상(스케이트),롤러인라인,승마,43,여,ISFP,무,
수영,배드민턴,롤러인라인,에어로빅,49,남,INFJ,무,
골프,요가,펜싱,크로스핏,10,여,INFP,무,
무용(발레 등),줄넘기,스쿼시,배구,74,여,ISFP,무,
태권도,농구,합기도,종합체육시설,16,남,INTJ,무,
클라이밍(암벽등반),수영,검도,승마,73,여,ESTP,무,
줄넘기,수영,헬스,클라이밍(암벽등반),22,남,ENFJ,무,
,,,,66,여,INTJ,유,수영
빙상(스케이트),클라이밍(암벽등반),종합체육시설,스쿼시,31,여,ENTJ,무,
,,,,63,여,INTJ,유,수영
줄넘기,크로스핏,클라이밍(암벽등반),주짓수,47,여,ENTJ,무,
,,,,45,여,INTP,유,필라테스
수영,축구(풋살),펜싱,검도,61,여,ESFP,무,
유도,당구,배구,골프,59,남,ESTP,무,
골프,축구(풋살),에어로빅,무용(발레 등),60,여,ESFP,무,
,,,,28,여,ESTJ,유,배구
줄넘기,스쿼시,무용(발레 등),골프,40,여,INTP,무,
,,,,36,남,ENTJ,유,수영
클라이밍(암벽등반),빙상(스케이트),수영,볼링,13,남,ISTP,무,
테니스,당구,스쿼시,배구,34,남,ESTP,무,
빙상(스케이트),골프,합기도,헬스,66,남,INTP,무,
,,,,27,남,INFJ,유,농구
롤러인라인,유도,클라이밍(암벽등반),합기도,31,여,ISFP,무,
골프,크로스핏,배드민턴,유도,55,여,ESFP,무,
에어로빅,야구,무용(발레 등),줄넘기,68,여,INFP,무,
,,,,30,여,INTJ,유,배구
골프,크로스핏,야구,무용(발레 등),49,남,ISTP,무,
펜싱,배드민턴,탁구,복싱,72,남,ESTJ,무,
태권도,볼링,탁구,당구,59,여,ISTJ,무,
,,,,77,남,ISFJ,유,수영
클라이밍(암벽등반),축구(풋살),스쿼시,배드민턴,56,남,ESFJ,무,
,,,,79,남,ENFP,유,수영
,,,,61,여,ISFJ,유,농구
헬스,야구,스쿼시,태권도,57,남,ESTP,무,
태권도,골프,스쿼시,승마,53,여,INTP,무,
테니스,유도,줄넘기,복싱,14,여,INTJ,무,
에어로빅,당구,종합체육시설,무용(발레 등),71,남,ESTJ,무,
펜싱,골프,태권도,수영,46,남,INFP,무,
검도,스쿼시,골프,필라테스,75,남,ENFJ,무,
복싱,승마,축구(풋살),댄스(줌바 등),16,여,INFJ,무,
당구,펜싱,댄스(줌바 등),빙상(스케이트),53,여,INTP,무,
볼링,농구,합기도,배구,22,남,ISTP,무,
배드민턴,롤러인라인,태권도,빙상(스케이트),68,여,ENFP,무,
배드민턴,태권도,빙상(스케이트),요가,37,여,INFP,무,
줄넘기,골프,클라이밍(암벽등반),당구,9,여,ESTP,무,
유도,당구,빙상(스케이트),댄스(줌바 등),64,남,INFJ,무,
,,,,18,남,ISTP,유,배드민턴
,,,,58,남,ENTP,유,배구
,,,,46,남,INFP,유,수영
,,,,32,남,ESFP,유,수영
합기도,복싱,스쿼시,축구(풋살),23,남,INFJ,무,
검도,축구(풋살),골프,테니스,26,남,ESFJ,무,
유도,요가,주짓수,골프,62,여,ESFJ,무,
,,,,48,여,INTP,유,수영
,,,,65,남,ISFJ,유,배구
볼링,스쿼시,당구,복싱,61,여,INFP,무,
,,,,17,여,ENTP,유,배구
검도,복싱,크로스핏,필라테스,74,여,ISTJ,무,
,,,,69,여,ESTJ,유,필라테스
빙상(스케이트),필라테스,크로스핏,펜싱,31,남,INFJ,무,
,,,,27,남,ESFP,유,농구
클라이밍(암벽등반),당구,농구,스쿼시,39,여,ISFJ,무,
,,,,32,남,ISTJ,유,수영
야구,유도,롤러인라인,종합체육시설,25,여,ENTJ,무,
농구,필라테스,배구,스쿼시,14,여,ISFP,무,
크로스핏,태권도,볼링,탁구,19,남,ISTP,무,
필라테스,배구,유도,배드민턴,40,남,ESFJ,무,
당구,요가,골프,검도,61,여,ESTJ,무,
필라테스,축구(풋살),배드민턴,탁구,47,남,INFJ,무,
당구,검도,유도,복싱,28,여,ENTJ,무,
스쿼시,클라이밍(암벽등반),줄넘기,합기도,61,여,INTJ,무,
,,,,25,남,ESFP,유,농구
주짓수,펜싱,축구(풋살),배구,24,남,ESTJ,무,
배구,배드민턴,복싱,수영,77,남,ISFJ,무,
탁구,유도,배구,볼링,77,여,ENTP,무,
승마,볼링,테니스,배구,77,남,INTJ,무,
,,,,18,남,INFP,유,농구
,,,,78,남,INTP,유,배구
,,,,30,남,INFJ,유,수영
롤러인라인,스쿼시,빙상(스케이트),필라테스,63,여,ENTJ,무,
스쿼시,야구,태권도,유도,55,남,ESTJ,무,
,,,,28,남,ISTJ,유,농구
스쿼시,배드민턴,배구,롤러인라인,59,남,ENTJ,무,
수영,클라이밍(암벽등반),태권도,헬스,79,남,ISFP,무,
에어로빅,펜싱,볼링,댄스(줌바 등),57,남,ESTP,무,
,,,,57,여,INFP,유,필라테스
,,,,66,여,INTJ,유,배구
,,,,37,남,ISTJ,유,필라테스
,,,,66,남,ISTP,유,수영
크로스핏,필라테스,야구,골프,21,남,INTP,무,
스쿼시,복싱,골프,당구,67,여,ESFP,무,
,,,,19,남,ENTJ,유,필라테스
합기도,배구,골프,볼링,45,여,ISTJ,무,
무용(발레 등),주짓수,펜싱,스쿼시,16,여,ISTP,무,
당구,유도,검도,스쿼시,76,남,ESTJ,무,
,,,,58,남,INFJ,유,필라테스
,,,,79,남,ISTJ,유,배드민턴
유도,복싱,수영,필라테스,15,남,ENTP,무,
,,,,12,남,ENTJ,유,농구
태권도,배구,주짓수,야구,50,남,ENFP,무,
스쿼시,무용(발레 등),유도,골프,52,여,ENTJ,무,
헬스,수영,스쿼시,골프,77,여,ISTJ,무,
클라이밍(암벽등반),줄넘기,주짓수,탁구,48,남,ENTP,무,
태권도,종합체육시설,필라테스,탁구,39,여,ENFP,무,
유도,스쿼시,댄스(줌바 등),합기도,29,남,INFP,무,
필라테스,줄넘기,주짓수,유도,37,남,ISFJ,무,
,,,,57,남,ESTJ,유,농구
배드민턴,복싱,펜싱,태권도,41,남,ISTJ,무,
스쿼시,클라이밍(암벽등반),당구,종합체육시설,73,남,ENTJ,무,
줄넘기,필라테스,헬스,빙상(스케이트),64,남,ESFJ,무,
검도,빙상(스케이트),골프,야구,56,남,ISTJ,무,
줄넘기,당구,에어로빅,배드민턴,75,여,ISFP,무,
무용(발레 등),주짓수,유도,검도,17,여,ISTJ,무,
,,,,58,남,ESTJ,유,배구
,,,,45,남,ENTP,유,수영
,,,,66,남,INTJ,유,필라테스
,,,,19,여,ENTP,유,수영
스쿼시,에어로빅,배구,펜싱,59,여,ISFP,무,
,,,,75,남,INTP,유,수영
주짓수,롤러인라인,당구,댄스(줌바 등),8,여,ISTP,무,
골프,검도,필라테스,배구,52,여,ISFJ,무,
당구,유도,배구,크로스핏,49,여,INTJ,무,
유도,태권도,댄스(줌바 등),골프,21,여,INFP,무,
,,,,65,여,ENFJ,유,농구
당구,클라이밍(암벽등반),복싱,탁구,63,남,ENTP,무,
,,,,50,여,ENTJ,유,필라테스
,,,,75,남,ISTP,유,배드민턴
,,,,80,남,ENFP,유,필라테스
복싱,골프,무용(발레 등),테니스,57,여,ISFP,무,
주짓수,볼링,합기도,요가,25,여,INFP,무,
줄넘기,배드민턴,야구,빙상(스케이트),66,남,ISFJ,무,
무용(발레 등),스쿼시,골프,배드민턴,17,남,ESFJ,무,
,,,,79,여,ISFP,유,수영
,,,,40,여,ISFJ,유,배구
클라이밍(암벽등반),탁구,유도,크로스핏,43,여,ISTJ,무,
탁구,주짓수,펜싱,롤러인라인,72,여,ENFJ,무,
태권도,테니스,합기도,승마,73,여,ISFP,무,
,,,,73,여,ESTP,유,필라테스
복싱,롤러인라인,크로스핏,볼링,73,여,ISTP,무,
,,,,79,여,INTP,유,배구
,,,,72,여,ISTJ,유,배구
,,,,31,남,INTP,유,배드민턴
테니스,승마,배구,당구,27,남,ENTJ,무,
수영,클라이밍(암벽등반),필라테스,무용(발레 등),59,남,ISFP,무,
수영,볼링,롤러인라인,당구,23,여,ESFP,무,
펜싱,탁구,유도,롤러인라인,54,남,ENTP,무,
,,,,52,여,ISTJ,유,수영
,,,,62,여,INFJ,유,필라테스
,,,,66,여,ENTJ,유,배구
검도,수영,무용(발레 등),주짓수,58,여,INTP,무,
빙상(스케이트),골프,검도,당구,22,남,ENTP,무,
크로스핏,볼링,댄스(줌바 등),승마,77,여,INFJ,무,
롤러인라인,필라테스,유도,탁구,51,여,INFJ,무,
,,,,73,여,ENTJ,유,수영
롤러인라인,당구,펜싱,주짓수,33,여,INTJ,무,
당구,펜싱,줄넘기,종합체육시설,46,여,ISFP,무,
줄넘기,합기도,복싱,유도,48,남,ISTP,무,
,,,,54,여,ENFJ,유,배드민턴
야구,테니스,롤러인라인,댄스(줌바 등),60,여,ENFJ,무,
,,,,8,남,ESFP,유,농구
요가,합기도,크로스핏,검도,57,여,ESFJ,무,
,,,,33,남,ENTP,유,필라테스
,,,,71,남,ISTJ,유,배구
배드민턴,크로스핏,유도,헬스,61,여,ENTJ,무,
탁구,종합체육시설,테니스,볼링,10,남,ENFJ,무,
롤러인라인,농구,요가,당구,68,여,INFJ,무,
,,,,43,남,ESFP,유,배드민턴
롤러인라인,펜싱,빙상(스케이트),당구,27,여,INFP,무,
빙상(스케이트),배구,필라테스,승마,14,남,ESFJ,무,
롤러인라인,태권도,요가,주짓수,43,여,ENTP,무,
,,,,18,남,INTJ,유,배구
야구,에어로빅,검도,골프,38,남,ENFJ,무,
배구,필라테스,무용(발레 등),줄넘기,37,여,ESTJ,무,
야구,줄넘기,테니스,배구,58,남,ENTJ,무,
,,,,55,여,INTP,유,필라테스
배구,롤러인라인,테니스,당구,13,남,ESFP,무,
승마,에어로빅,볼링,테니스,13,여,ISTP,무,
,,,,66,여,INFJ,유,수영
,,,,48,남,ESFJ,유,배구
에어로빅,태권도,롤러인라인,볼링,37,여,ESFP,무,
,,,,24,남,ISTP,유,필라테스
롤러인라인,복싱,축구(풋살),배구,38,남,ISFJ,무,
,,,,17,남,ESTP,유,수영
종합체육시설,유도,당구,승마,47,남,ESFP,무,
,,,,70,남,ISFJ,유,수영
종합체육시설,당구,볼링,스쿼시,47,여,ISFP,무,
,,,,18,남,ESFJ,유,필라테스
배드민턴,볼링,합기도,줄넘기,18,남,ISFJ,무,
승마,복싱,수영,유도,68,여,ENTJ,무,
,,,,77,여,INTP,유,수영
,,,,26,남,INTP,유,필라테스
합기도,배드민턴,축구(풋살),필라테스,62,여,ENTP,무,
검도,태권도,복싱,탁구,9,남,ENFJ,무,
복싱,롤러인라인,스쿼시,댄스(줌바 등),58,여,ISFP,무,
검도,당구,볼링,클라이밍(암벽등반),53,남,ISTJ,무,
,,,,42,남,ENFP,유,배드민턴
,,,,78,여,ESTJ,유,배구
스쿼시,야구,배드민턴,요가,11,남,ESFP,무,
배드민턴,농구,필라테스,골프,64,여,ISTP,무,
,,,,60,남,ENFP,유,배구
,,,,42,남,ENTP,유,필라테스
필라테스,종합체육시설,크로스핏,검도,67,여,ESFJ,무,
,,,,44,남,ENTJ,유,필라테스
크로스핏,검도,합기도,축구(풋살),62,여,ISFP,무,
복싱,크로스핏,배구,수영,32,여,ENFJ,무,
에어로빅,필라테스,줄넘기,유도,71,남,ENFJ,무,
태권도,빙상(스케이트),골프,배구,24,남,ISFP,무,
스쿼시,테니스,탁구,골프,45,여,ESTJ,무,
,,,,71,여,INFP,유,배구
,,,,28,여,ISTP,유,필라테스
빙상(스케이트),줄넘기,검도,탁구,74,남,ISFJ,무,
,,,,69,여,ISFJ,유,필라테스
농구,복싱,승마,당구,68,남,ENTJ,무,
롤러인라인,종합체육시설,탁구,태권도,67,여,ISTP,무,
검도,헬스,야구,스쿼시,51,남,ENFP,무,
승마,수영,필라테스,배드민턴,54,남,ESFJ,무,
요가,검도,종합체육시설,줄넘기,53,남,INFP,무,
,,,,50,남,ESFP,유,필라테스
무용(발레 등),클라이밍(암벽등반),필라테스,줄넘기,71,여,INTP,무,
당구,태권도,헬스,볼링,54,남,ISTP,무,
,,,,71,남,ENTP,유,수영
,,,,67,여,ENTP,유,농구
,,,,68,남,ISTP,유,배구
축구(풋살),탁구,태권도,배드민턴,79,남,ISTJ,무,
헬스,골프,볼링,합기도,68,남,ISTJ,무,
,,,,50,남,INFP,유,배드민턴
유도,롤러인라인,클라이밍(암벽등반),야구,46,남,ESTP,무,
,,,,41,여,INTJ,유,배드민턴
검도,헬스,볼링,클라이밍(암벽등반),44,남,INFP,무,
승마,볼링,헬스,롤러인라인,46,여,INFJ,무,
볼링,합기도,골프,배구,31,남,ISFJ,무,
볼링,배드민턴,태권도,합기도,60,여,ENTJ,무,
배드민턴,주짓수,유도,당구,71,여,INTP,무,
,,,,72,남,ENTP,유,농구
빙상(스케이트),유도,당구,배드민턴,46,여,ENTJ,무,
필라테스,수영,무용(발레 등),배구,71,여,ISTP,무,
,,,,24,여,ISFP,유,농구
,,,,23,남,ISTP,유,배드민턴
당구,태권도,유도,롤러인라인,76,남,ESFJ,무,
클라이밍(암벽등반),종합체육시설,배드민턴,검도,71,여,ISTP,무,
수영,볼링,배드민턴,롤러인라인,27,여,ISTP,무,
수영,볼링,에어로빅,테니스,22,여,INTJ,무,
,,,,14,여,ESFJ,유,배구
댄스(줌바 등),에어로빅,배드민턴,요가,11,여,INFJ,무,
,,,,40,여,ESFP,유,필라테스
스쿼시,유도,볼링,요가,44,여,INTJ,무,
주짓수,빙상(스케이트),클라이밍(암벽등반),검도,27,여,ENFP,무,
,,,,40,여,ENFP,유,수영
,,,,57,남,ISTP,유,배드민턴
,,,,46,남,ESTJ,유,배드민턴
클라이밍(암벽등반),빙상(스케이트),배드민턴,에어로빅,28,여,INTJ,무,
,,,,78,남,INFJ,유,배드민턴
크로스핏,골프,태권도,복싱,35,남,INTJ,무,
종합체육시설,크로스핏,줄넘기,검도,29,여,ESFJ,무,
복싱,에어로빅,축구(풋살),롤러인라인,24,여,ESFP,무,
주짓수,태권도,펜싱,수영,34,남,INTP,무,
,,,,35,남,ISTJ,유,배드민턴
탁구,당구,헬스,줄넘기,61,여,ISFP,무,
헬스,탁구,수영,농구,26,여,ESFP,무,
농구,승마,축구(풋살),수영,62,남,ESTP,무,
헬스,배드민턴,복싱,볼링,43,여,INFJ,무,
합기도,빙상(스케이트),탁구,볼링,67,남,INFP,무,
,,,,36,여,ENTP,유,배구
,,,,47,남,ISTP,유,수영
에어로빅,요가,클라이밍(암벽등반),검도,54,남,ESFP,무,
복싱,테니스,배구,농구,11,남,INTP,무,
줄넘기,탁구,무용(발레 등),크로스핏,20,여,ENFJ,무,
펜싱,빙상(스케이트),롤러인라인,축구(풋살),36,남,ESFP,무,
주짓수,골프,유도,줄넘기,14,여,ISFP,무,
수영,에어로빅,검도,볼링,67,여,ESTJ,무,
,,,,31,남,ESTP,유,필라테스
빙상(스케이트),복싱,테니스,주짓수,71,남,ESTP,무,
헬스,종합체육시설,줄넘기,요가,51,여,ENTP,무,
배드민턴,복싱,줄넘기,헬스,24,여,ISTJ,무,
,,,,32,남,INFP,유,배드민턴
에어로빅,펜싱,줄넘기,볼링,42,여,ISFP,무,
태권도,유도,헬스,수영,71,여,INFP,무,
,,,,55,남,INTP,유,배구
축구(풋살),종합체육시설,배구,테니스,19,남,INFJ,무,
,,,,50,남,INTP,유,배구
,,,,72,남,INFP,유,수영
배구,빙상(스케이트),롤러인라인,스쿼시,56,여,INFP,무,
,,,,71,남,ISFP,유,수영
야구,크로스핏,스쿼시,유도,80,남,ESTJ,무,
스쿼시,펜싱,볼링,필라테스,32,남,INFP,무,
배구,복싱,스쿼시,펜싱,58,여,ENTP,무,
,,,,26,남,ISTJ,유,배구
유도,에어로빅,줄넘기,무용(발레 등),35,여,ISTJ,무,
,,,,13,남,INTP,유,수영
,,,,77,남,INFP,유,배구
,,,,22,남,ESTJ,유,필라테스
수영,배드민턴,클라이밍(암벽등반),크로스핏,28,여,INFJ,무,
,,,,40,여,ESFP,유,필라테스
클라이밍(암벽등반),빙상(스케이트),롤러인라인,검도,10,여,ENFP,무,
승마,클라이밍(암벽등반),빙상(스케이트),롤러인라인,39,여,ISTP,무,
태권도,테니스,배드민턴,수영,20,여,INFJ,무,
스쿼시,에어로빅,배드민턴,수영,24,남,ISTJ,무,
종합체육시설,검도,무용(발레 등),롤러인라인,30,남,ESFP,무,
볼링,농구,스쿼시,수영,36,남,ESTJ,무,
,,,,12,남,INTJ,유,농구
,,,,71,남,ESTP,유,수영
배드민턴,테니스,탁구,태권도,34,여,ESFJ,무,
,,,,11,여,INTP,유,수영
배구,볼링,빙상(스케이트),종합체육시설,10,여,ENFJ,무,
롤러인라인,크로스핏,유도,무용(발레 등),62,여,ISFJ,무,
당구,탁구,클라이밍(암벽등반),배구,78,여,ISTJ,무,
헬스,당구,종합체육시설,롤러인라인,51,여,ISFJ,무,
,,,,72,남,ISFJ,유,농구
,,,,47,여,ESTP,유,배드민턴
복싱,스쿼시,테니스,축구(풋살),37,남,ESFP,무,
유도,주짓수,줄넘기,야구,66,남,ENTJ,무,
탁구,크로스핏,테니스,골프,58,남,INFJ,무,
,,,,78,남,INFJ,유,배드민턴
탁구,유도,골프,농구,24,남,INTP,무,
유도,골프,줄넘기,롤러인라인,11,남,ISTJ,무,
축구(풋살),볼링,승마,배구,17,남,ESTJ,무,
펜싱,스쿼시,요가,탁구,14,여,ISTP,무,
펜싱,요가,줄넘기,에어로빅,77,여,ENTJ,무,
주짓수,테니스,유도,빙상(스케이트),63,여,INTP,무,
,,,,73,남,ENFP,유,배드민턴
주짓수,빙상(스케이트),태권도,필라테스,58,여,ISTJ,무,
,,,,12,남,INTJ,유,배구
롤러인라인,펜싱,배구,수영,71,남,ENTJ,무,
,,,,28,여,INTP,유,수영
농구,크로스핏,빙상(스케이트),배구,56,남,INTP,무,
당구,수영,배구,펜싱,71,여,ISFP,무,
농구,유도,빙상(스케이트),스쿼시,73,남,ISTJ,무,
골프,빙상(스케이트),태권도,크로스핏,46,여,ESFJ,무,
,,,,25,남,ISFP,유,배구
,,,,73,남,ISTP,유,배구
댄스(줌바 등),합기도,펜싱,무용(발레 등),13,여,ESTJ,무,
,,,,31,여,ISFJ,유,배드민턴
테니스,종합체육시설,농구,필라테스,19,남,INTJ,무,
,,,,60,여,INFP,유,배드민턴
,,,,57,여,ESTJ,유,필라테스
댄스(줌바 등),수영,헬스,당구,32,여,INTJ,무,
복싱,당구,배구,요가,47,여,ESFP,무,
펜싱,볼링,롤러인라인,당구,49,여,ESFJ,무,
주짓수,수영,요가,클라이밍(암벽등반),46,남,INTP,무,
필라테스,골프,크로스핏,주짓수,26,남,ENFJ,무,
,,,,36,여,INTP,유,배드민턴
복싱,배드민턴,농구,크로스핏,69,남,INTJ,무,
스쿼시,줄넘기,주짓수,합기도,70,남,ESFJ,무,
유도,주짓수,탁구,펜싱,73,남,ENFP,무,
배구,탁구,스쿼시,주짓수,76,남,ENTP,무,
필라테스,롤러인라인,수영,크로스핏,58,남,ESFP,무,
농구,검도,수영,당구,40,남,INFJ,무,
헬스,수영,크로스핏,스쿼시,56,남,ISFJ,무,
에어로빅,합기도,롤러인라인,탁구,18,남,ENTP,무,
,,,,21,여,ENTP,유,필라테스
태권도,수영,롤러인라인,복싱,39,남,ESFP,무,
필라테스,태권도,펜싱,배구,12,남,ENFP,무,
,,,,70,여,ESFJ,유,배구
,,,,35,여,ESTJ,유,필라테스
수영,탁구,필라테스,종합체육시설,48,여,INFJ,무,
필라테스,크로스핏,줄넘기,유도,71,여,ENTP,무,
롤러인라인,복싱,펜싱,필라테스,34,남,ISFP,무,
농구,스쿼시,주짓수,축구(풋살),8,남,ESFP,무,
에어로빅,수영,테니스,볼링,53,여,ESTJ,무,
빙상(스케이트),주짓수,요가,무용(발레 등),19,여,ESTJ,무,
볼링,필라테스,골프,탁구,62,남,ENFJ,무,
배구,펜싱,크로스핏,배드민턴,72,남,ISTJ,무,
,,,,50,남,INTP,유,배드민턴
축구(풋살),볼링,스쿼시,롤러인라인,12,여,ENFP,무,
,,,,26,남,ISFJ,유,농구
빙상(스케이트),축구(풋살),크로스핏,배구,27,여,ISTJ,무,
크로스핏,야구,당구,펜싱,42,남,INTJ,무,
줄넘기,테니스,롤러인라인,농구,23,여,ENTP,무,
배드민턴,롤러인라인,헬스,무용(발레 등),66,여,ISFJ,무,
,,,,74,남,ESFJ,유,배드민턴
복싱,볼링,크로스핏,탁구,15,여,ESFP,무,
필라테스,골프,합기도,태권도,56,여,ISFP,무,
농구,검도,펜싱,골프,49,남,ENFJ,무,
태권도,스쿼시,배구,종합체육시설,80,남,INFJ,무,
클라이밍(암벽등반),테니스,펜싱,줄넘기,71,남,ENTJ,무,
당구,태권도,크로스핏,펜싱,58,남,ESTP,무,
종합체육시설,롤러인라인,테니스,주짓수,53,여,ISTP,무,
볼링,크로스핏,헬스,댄스(줌바 등),65,남,ESTJ,무,
요가,축구(풋살),무용(발레 등),승마,52,여,INTJ,무,
,,,,74,여,ENTP,유,필라테스
태권도,당구,요가,볼링,42,여,ISFJ,무,
당구,테니스,클라이밍(암벽등반),복싱,11,남,ENFJ,무,
클라이밍(암벽등반),펜싱,볼링,스쿼시,73,여,ESTP,무,
합기도,배드민턴,골프,무용(발레 등),10,여,INTP,무,
태권도,빙상(스케이트),크로스핏,골프,31,여,ISFJ,무,
,,,,58,여,INFP,유,필라테스
필라테스,헬스,에어로빅,당구,47,여,ENTJ,무,
에어로빅,요가,롤러인라인,크로스핏,79,여,ESTP,무,
요가,롤러인라인,탁구,펜싱,79,남,ISFP,무,
,,,,74,남,INTJ,유,수영
롤러인라인,배구,펜싱,줄넘기,8,여,ESFJ,무,
댄스(줌바 등),스쿼시,테니스,축구(풋살),21,남,ENFP,무,
,,,,10,여,ENFP,유,수영
,,,,41,남,ESFJ,유,필라테스
골프,크로스핏,필라테스,복싱,52,여,ENFP,무,
펜싱,빙상(스케이트),당구,볼링,58,여,ENFP,무,
주짓수,합기도,골프,유도,17,여,INFP,무,
검도,태권도,에어로빅,유도,8,여,ENFP,무,
,,,,78,여,INTP,유,필라테스
헬스,배드민턴,합기도,줄넘기,24,남,ESTJ,무,
,,,,18,여,ENFP,유,수영
,,,,62,남,ENTP,유,배드민턴
,,,,21,남,ISTJ,유,수영
,,,,48,남,ENFJ,유,수영
,,,,31,남,ISTJ,유,배구
,,,,76,여,ENTJ,유,배구
테니스,태권도,수영,농구,76,남,ESFJ,무,
에어로빅,태권도,줄넘기,검도,28,여,ENFJ,무,
에어로빅,크로스핏,골프,농구,24,여,INFP,무,
합기도,배드민턴,스쿼시,당구,80,여,ISFP,무,
,,,,55,남,ISFP,유,수영
배드민턴,종합체육시설,검도,탁구,17,남,ESTP,무,
클라이밍(암벽등반),합기도,수영,볼링,28,남,INFP,무,
,,,,74,여,ESTP,유,배구
크로스핏,테니스,필라테스,배구,14,남,INTJ,무,
에어로빅,검도,축구(풋살),빙상(스케이트),19,여,INFJ,무,
볼링,필라테스,태권도,요가,52,여,ENTJ,무,
,,,,49,여,ESFP,유,필라테스
축구(풋살),줄넘기,종합체육시설,펜싱,56,남,ISFP,무,
댄스(줌바 등),종합체육시설,무용(발레 등),줄넘기,65,여,ESTJ,무,
,,,,38,여,ESTP,유,배구
롤러인라인,헬스,태권도,축구(풋살),78,여,INFP,무,
당구,태권도,승마,무용(발레 등),43,여,ESTJ,무,
,,,,33,남,ISFJ,유,농구
수영,클라이밍(암벽등반),탁구,배드민턴,12,여,ESFP,무,
,,,,69,남,ISFP,유,필라테스
복싱,검도,수영,테니스,77,여,ENFJ,무,
,,,,15,여,INFP,유,배구
종합체육시설,배구,복싱,댄스(줌바 등),70,여,ISTP,무,
종합체육시설,스쿼시,빙상(스케이트),검도,29,여,ISFP,무,
종합체육시설,골프,배구,롤러인라인,29,남,ISTJ,무,
롤러인라인,수영,볼링,당구,27,여,ISTP,무,
종합체육시설,주짓수,유도,복싱,71,남,ESTJ,무,
크로스핏(암벽등반),필라테스,요가,주짓수,23,여,INTJ,무,
